cores,seconds_per_step
1,0.0017515145282989881
2,0.0013547468852645277
4,0.0011223585261556461
8,0.0007872934348066943
16,0.000856615533848526
32,0.000828323734216004