sizes,times,times_err
125,0.5243298187997425,0.03029323482195845
216,0.9409672648301542,0.01613053860701151
343,2.0182773419995406,0.0278766163105381
512,3.2313359180043335,0.01951466860059535
729,5.714502406000975,0.0
