size,time,time_err
64,0.0005205446484906133,0.0013096445988041085
216,0.001730461463375832,0.0033787863729753914
512,0.006434067037480418,0.0024304592948892205
1000,0.019382719947498118,0.0085699902904462
1728,0.04802975509999669,0.06754510459880324
